station_name,location,time_of_day,start_station_count,end_station_count,total_station_traffic
Central Park S & 6 Ave,"40.76590936,-73.97634151",Morning,5068,6041,11109
West St & Chambers St,"40.71754834,-74.01322069",Morning,3245,3907,7152
Centre St & Chambers St,"40.71273266,-74.0046073",Morning,2848,4121,6969
Grand Army Plaza & Central Park S,"40.7643971,-73.97371465",Morning,3181,3716,6897
12 Ave & W 40 St,"40.76087502,-74.00277668",Morning,3280,3392,6672
Pershing Square North,"40.751873,-73.977706",Morning,2603,2895,5498
Broadway & W 49 St,"40.76068327096592,-73.9845272898674",Morning,3277,1880,5157
E 17 St & Broadway,"40.73704984,-73.99009296",Morning,1877,3215,5092
Washington St & Gansevoort St,"40.739323,-74.008119",Morning,2162,2597,4759
Broadway & W 24 St,"40.7423543,-73.98915076",Morning,2258,2458,4716
Broadway & W 60 St,"40.76915505,-73.98191841",Morning,2081,2431,4512
5 Ave & E 73 St,"40.77282817,-73.96685276",Morning,1771,2696,4467
Cleveland Pl & Spring St,"40.722103786686034,-73.997249007225037",Morning,1782,2449,4231
W 20 St & 11 Ave,"40.746745,-74.007756",Morning,1995,2224,4219
Broadway & W 58 St,"40.76695317,-73.98169333",Morning,2018,2179,4197
Broadway & E 14 St,"40.73454567,-73.99074142",Morning,1805,2296,4101
8 Ave & W 31 St,"40.75044999,-73.99481051",Morning,2203,1848,4051
W 34 St & 11 Ave,"40.75594159,-74.0021163",Morning,1382,2640,4022
South End Ave & Liberty St,"40.711512,-74.015756",Morning,1837,2155,3992
Broadway & W 29 St,"40.7462009,-73.98855723",Morning,2297,1538,3835
Broadway & E 22 St,"40.7403432,-73.98955109",Morning,1384,2420,3804
Little West St & 1 Pl,"40.70569254,-74.01677685",Morning,1296,2359,3655
Vesey Pl & River Terrace,"40.7153379,-74.01658354",Morning,1925,1689,3614
8 Ave & W 33 St,"40.751551,-73.993934",Morning,1891,1707,3598
Broadway & W 41 St,"40.75513557,-73.98658032",Morning,1808,1692,3500
S 5 Pl & S 4 St,"40.710451,-73.960876",Morning,1780,1705,3485
E 33 St & 5 Ave,"40.74765947,-73.98490707",Morning,1522,1877,3399
6 Ave & W 33 St,"40.74901271,-73.98848395",Morning,1216,2076,3292
Central Park West & W 72 St,"40.775793766836657,-73.9762057363987",Morning,1386,1845,3231
Pier 40 - Hudson River Park,"40.7277140777778,-74.011295735836029",Morning,1832,1370,3202
Lafayette St & E 8 St,"40.73028666,-73.9907647",Morning,1469,1718,3187
Carmine St & 6 Ave,"40.73038599,-74.00214988",Morning,1473,1706,3179
Broadway & W 51 St,"40.76228826,-73.98336183",Morning,1981,1157,3138
5 Ave & E 88 St,"40.78307,-73.95939",Morning,1141,1957,3098
Barrow St & Hudson St,"40.73172428,-74.00674436",Morning,1784,1291,3075
5 Ave & E 78 St,"40.776828634399678,-73.963887691497789",Morning,1274,1800,3074
Christopher St & Greenwich St,"40.73291553,-74.00711384",Morning,1537,1529,3066
W 21 St & 6 Ave,"40.74173969,-73.99415556",Morning,1358,1684,3042
W 52 St & 5 Ave,"40.75992262,-73.97648516",Morning,1054,1965,3019
W 27 St & 7 Ave,"40.746647,-73.993915",Morning,1787,1211,2998
5 Ave & E 29 St,"40.7451677,-73.98683077",Morning,1649,1306,2955
Barclay St & Church St,"40.71291224,-74.01020234",Morning,1040,1883,2923
University Pl & E 14 St,"40.73492695,-73.99200509",Morning,1164,1752,2916
W 37 St & 5 Ave,"40.75038009,-73.98338988",Morning,1512,1366,2878
E 40 St & 5 Ave,"40.752062307,-73.9816324043",Morning,1232,1637,2869
Broadway & Battery Pl,"40.70463334,-74.01361706",Morning,948,1901,2849
Broadway & W 53 St,"40.76344058,-73.98268129",Morning,1685,1149,2834
E 39 St & 3 Ave,"40.7489006,-73.97604882",Morning,1770,1052,2822
11 Ave & W 27 St,"40.751396,-74.005226",Morning,1131,1659,2790
Mott St & Prince St,"40.72317958,-73.99480012",Morning,1259,1507,2766
W 22 St & 10 Ave,"40.74691959,-74.00451887",Morning,1244,1503,2747
W 14 St & The High Line,"40.74195138,-74.00803013",Morning,1059,1680,2739
W 38 St & 8 Ave,"40.75466591,-73.99138152",Morning,1548,1178,2726
Broadway & W 55 St,"40.7652654,-73.98192338",Morning,1707,1010,2717
W 44 St & 5 Ave,"40.75500254,-73.98014437",Morning,1338,1299,2637
Broadway & W 32 St,"40.74854862,-73.98808416",Morning,1329,1287,2616
Bus Slip & State St,"40.701907,-74.013942",Morning,860,1748,2608
W Broadway & Spring St,"40.72490985,-74.00154702",Morning,1024,1560,2584
Pershing Square South,"40.751581,-73.97791",Morning,1332,1246,2578
Greenwich St & W Houston St,"40.728846,-74.008591",Morning,1276,1302,2578
South St & Gouverneur Ln,"40.70355377,-74.00670227",Morning,1368,1175,2543
Greenwich Ave & 8 Ave,"40.7390169121,-74.0026376103",Morning,1321,1193,2514
W 33 St & 7 Ave,"40.75019995,-73.99093085",Morning,1262,1234,2496
W 46 St & 11 Ave,"40.76341379,-73.99667444",Morning,1123,1373,2496
W 45 St & 6 Ave,"40.7568001,-73.98291153",Morning,1264,1223,2487
W 18 St & 6 Ave,"40.73971301,-73.99456405",Morning,981,1493,2474
Old Fulton St,"40.70277159,-73.99383605",Morning,849,1622,2471
6 Ave & Canal St,"40.72243797,-74.00566443",Morning,1284,1183,2467
MacDougal St & Prince St,"40.72710258,-74.00297088",Morning,1133,1319,2452
W 45 St & 8 Ave,"40.75929124,-73.98859651",Morning,1252,1197,2449
8 Ave & W 31 St,"40.7505853470215,-73.9946848154068",Morning,577,1848,2425
Broadway & W 36 St,"40.75097711,-73.98765428",Morning,1190,1221,2411
Liberty St & Broadway,"40.70905623,-74.01043382",Morning,1040,1365,2405
W 41 St & 8 Ave,"40.75640548,-73.9900262",Morning,1310,1073,2383
E 32 St & Park Ave,"40.7457121,-73.98194829",Morning,1173,1206,2379
W 31 St & 7 Ave,"40.749156,-73.9916",Morning,1454,920,2374
1 Ave & E 44 St,"40.75001986,-73.96905301",Morning,973,1391,2364
W 16 St & The High Line,"40.74334935,-74.00681753",Morning,1043,1291,2334
8 Ave & W 52 St,"40.76370739,-73.9851615",Morning,1226,1096,2322
Great Jones St,"40.72743423,-73.99379025",Morning,1079,1238,2317
E 39 St & 2 Ave,"40.74780373,-73.9734419",Morning,1280,1028,2308
Broadway & W 39 St,"40.75299641,-73.98721619",Morning,1212,1052,2264
W 26 St & 10 Ave,"40.749717753,-74.002950346",Morning,911,1317,2228
E 30 St & Park Ave S,"40.74444921,-73.98303529",Morning,1174,1048,2222
LaGuardia Pl & W 3 St,"40.72917025,-73.99810231",Morning,843,1364,2207
E 16 St & 5 Ave,"40.73726186,-73.99238967",Morning,842,1357,2199
W 25 St & 6 Ave,"40.74395411,-73.99144871",Morning,1177,1021,2198
Lexington Ave & E 24 St,"40.74025878,-73.98409214",Morning,1140,1051,2191
W 56 St & 6 Ave,"40.76340613,-73.97722479",Morning,926,1223,2149
Howard St & Centre St,"40.71910537,-73.99973337",Morning,1185,957,2142
Central Park West & W 76 St,"40.77896784,-73.97374737",Morning,863,1276,2139
Central Park West & W 68 St,"40.7734066,-73.97782542",Morning,1026,1094,2120
Lafayette St & Jersey St,"40.72456089,-73.99565293",Morning,791,1324,2115
W 51 St & 6 Ave,"40.7606597,-73.98042047",Morning,824,1289,2113
Forsyth St & Canal St,"40.7158155,-73.99422366",Morning,1048,1056,2104
E 47 St & Park Ave,"40.75510267,-73.97498696",Morning,763,1338,2101
W 42 St & 8 Ave,"40.7575699,-73.99098507",Morning,1308,780,2088
W 43 St & 6 Ave,"40.75527307,-73.98316936",Morning,974,1106,2080
Sullivan St & Washington Sq,"40.73047747,-73.99906065",Morning,900,1172,2072
Grand St & Greene St,"40.72165481,-74.00234737",Morning,885,1186,2071
E 51 St & Lexington Ave,"40.75714758,-73.97207836",Morning,1141,925,2066
1 Ave & E 30 St,"40.74144387,-73.97536082",Morning,1006,1052,2058
Centre St & Worth St,"40.71494807,-74.00234482",Morning,791,1251,2042
W 24 St & 7 Ave,"40.74487634,-73.99529885",Morning,1087,939,2026
E 10 St & Avenue A,"40.72740794,-73.98142006",Morning,1367,644,2011
9 Ave & W 22 St,"40.7454973,-74.00197139",Morning,984,1026,2010
South St & Whitehall St,"40.70122128,-74.01234218",Morning,803,1201,2004
9 Ave & W 18 St,"40.74317449,-74.00366443",Morning,990,1004,1994
E 48 St & 3 Ave,"40.7546011026,-73.971878855",Morning,979,997,1976
Broadway & W 37 St,"40.75172632,-73.98753523",Morning,1059,910,1969
Mercer St & Spring St,"40.72362738,-73.99949601",Morning,647,1322,1969
Peck Slip & Front St,"40.707873,-74.00167",Morning,802,1147,1949
Lispenard St & Broadway,"40.71939226,-74.00247214",Morning,904,1045,1949
Allen St & E Houston St,"40.722055,-73.989111",Morning,1043,891,1934
Allen St & Rivington St,"40.72019576,-73.98997825",Morning,1161,745,1906
West Thames St,"40.70834698,-74.01713445",Morning,1049,849,1898
W 4 St & 7 Ave S,"40.73401143,-74.00293877",Morning,758,1119,1877
Watts St & Greenwich St,"40.72405549,-74.00965965",Morning,1070,795,1865
Central Park North & Adam Clayton Powell Blvd,"40.799484,-73.955613",Morning,805,1055,1860
Stanton St & Chrystie St,"40.72229346,-73.99147535",Morning,1088,766,1854
Central Park West & W 85 St,"40.78472675,-73.96961715",Morning,1042,808,1850
9 Ave & W 14 St,"40.7405826,-74.00550867",Morning,783,1043,1826
Suffolk St & Stanton St,"40.72066442,-73.98517977",Morning,1030,763,1793
Fulton St & Broadway,"40.711066,-74.009447",Morning,734,1055,1789
E 58 St & 3 Ave,"40.76095756,-73.96724467",Morning,800,975,1775
Washington Pl & Broadway,"40.72903917,-73.99404649",Morning,752,1007,1759
E 7 St & Avenue A,"40.72621788,-73.98379855",Morning,1368,388,1756
9 Ave & W 45 St,"40.76019252,-73.9912551",Morning,947,804,1751
MacDougal St & Washington Sq,"40.73226398,-73.99852205",Morning,814,936,1750
W 13 St & Hudson St,"40.73997354103409,-74.005138725042343",Morning,724,1024,1748
W 45 St & 6 Ave,"40.756687206031792,-73.982577323913574",Morning,510,1223,1733
St Marks Pl & 2 Ave,"40.7284186,-73.98713956",Morning,1026,705,1731
W 17 St & 8 Ave,"40.74177603,-74.00149746",Morning,865,859,1724
11 Ave & W 41 St,"40.76030096,-73.99884222",Morning,923,798,1721
FDR Drive & E 35 St,"40.744219,-73.97121214",Morning,882,836,1718
W 52 St & 11 Ave,"40.76727216,-73.99392888",Morning,915,797,1712
Franklin St & W Broadway,"40.71911552,-74.00666661",Morning,862,839,1701
E 20 St & Park Ave,"40.73827428,-73.98751968",Morning,840,852,1692
Lafayette St & Jersey St,"40.724305272503322,-73.996009826660156",Morning,367,1324,1691
9 Ave & W 16 St,"40.74206539,-74.00443172",Morning,711,980,1691
E 47 St & 2 Ave,"40.75323098,-73.97032517",Morning,896,790,1686
Murray St & West St,"40.7149787,-74.013012",Morning,655,1029,1684
W 13 St & 6 Ave,"40.73649403,-73.99704374",Morning,887,785,1672
E 45 St & 3 Ave,"40.75255434,-73.97282625",Morning,815,852,1667
W 20 St & 7 Ave,"40.74238787,-73.99726235",Morning,879,781,1660
5 Ave & E 63 St,"40.766368,-73.971518",Morning,760,898,1658
Rivington St & Chrystie St,"40.72110063,-73.9919254",Morning,957,684,1641
Mercer St & Bleecker St,"40.72679454,-73.99695094",Morning,530,1094,1624
W 39 St & 9 Ave,"40.75645824,-73.99372222",Morning,943,676,1619
E 33 St & 2 Ave,"40.744023,-73.976056",Morning,992,624,1616
E 11 St & 2 Ave,"40.73047309,-73.98672378",Morning,871,740,1611
E 53 St & Madison Ave,"40.7597108,-73.97402311",Morning,651,955,1606
W 49 St & 8 Ave,"40.76227205,-73.98788205",Morning,992,611,1603
E 24 St & Park Ave S,"40.74096374,-73.98602213",Morning,692,911,1603
W 37 St & 10 Ave,"40.75660359,-73.9979009",Morning,930,658,1588
W 26 St & 8 Ave,"40.74734825,-73.99723551",Morning,933,653,1586
Bank St & Hudson St,"40.73652889,-74.00618026",Morning,793,783,1576
E 48 St & 5 Ave,"40.757245679117261,-73.978059142827988",Morning,700,874,1574
W 15 St & 7 Ave,"40.73935542,-73.99931783",Morning,809,745,1554
E 20 St & 2 Ave,"40.73587678,-73.98205027",Morning,918,626,1544
York St & Jay St,"40.7014851,-73.98656928",Morning,545,988,1533
E 23 St & 1 Ave,"40.736502,-73.97809472",Morning,865,621,1486
Metropolitan Ave & Bedford Ave,"40.71534825,-73.96024116",Morning,677,800,1477
W 22 St & 8 Ave,"40.74475148,-73.99915362",Morning,846,626,1472
Cadman Plaza E & Red Cross Pl,"40.69991755,-73.98971773",Morning,764,689,1453
E 12 St & 3 Ave,"40.73223272,-73.98889957",Morning,857,585,1442
Bank St & Washington St,"40.7361967,-74.00859207",Morning,874,557,1431
E 27 St & 1 Ave,"40.739445,-73.976806",Morning,676,753,1429
Perry St & Bleecker St,"40.73535398,-74.00483091",Morning,677,752,1429
E 25 St & 2 Ave,"40.73912601,-73.97973776",Morning,901,526,1427
11 Ave & W 59 St,"40.771522,-73.990541",Morning,865,559,1424
10 Ave & W 28 St,"40.75066386,-74.00176802",Morning,589,829,1418
Forsyth St & Broome St,"40.71893904,-73.99266288",Morning,837,566,1403
1 Ave & E 68 St,"40.76500525,-73.95818491",Morning,693,701,1394
Allen St & Hester St,"40.71605866,-73.99190759",Morning,801,586,1387
Cadman Plaza E & Tillary St,"40.69597683,-73.99014892",Morning,846,540,1386
Mercer St & Bleecker St,"40.727063633483063,-73.996621370315538",Morning,281,1094,1375
Reade St & Broadway,"40.71450451,-74.00562789",Morning,564,808,1372
Lexington Ave & E 29 St,"40.743115553764859,-73.982153534889221",Morning,732,628,1360
Greenwich St & Warren St,"40.71542197,-74.01121978",Morning,564,788,1352
E 4 St & 2 Ave,"40.7262807,-73.98978041",Morning,800,535,1335
Washington Square E,"40.73049393,-73.9957214",Morning,471,852,1323
1 Ave & E 15 St,"40.73221853,-73.98165557",Morning,842,479,1321
Wythe Ave & Metropolitan Ave,"40.716887,-73.963198",Morning,594,726,1320
E 11 St & Broadway,"40.73261787,-73.99158043",Morning,646,670,1316
E 2 St & Avenue B,"40.72217444,-73.98368779",Morning,757,559,1316
Front St & Washington St,"40.70255088,-73.98940236",Morning,437,868,1305
E 43 St & Vanderbilt Ave,"40.75320159,-73.9779874",Morning,638,666,1304
Greenwich Ave & Charles St,"40.735238,-74.000271",Morning,627,675,1302
Leonard St & Church St,"40.717571,-74.005549",Morning,665,627,1292
E 47 St & 1 Ave,"40.75206862,-73.96784384",Morning,570,718,1288
W 13 St & 5 Ave,"40.73543934,-73.99453948",Morning,522,765,1287
Greenwich St & N Moore St,"40.72043411,-74.01020609",Morning,483,776,1259
E 2 St & 2 Ave,"40.72502876,-73.99069656",Morning,720,536,1256
Kent Ave & S 11 St,"40.707644944175705,-73.968415260314941",Morning,744,502,1246
6 Ave & Broome St,"40.724399,-74.004704",Morning,663,570,1233
E 16 St & Irving Pl,"40.73524276,-73.98758561",Morning,644,563,1207
E 13 St & Avenue A,"40.72955361,-73.98057249",Morning,805,383,1188
W 63 St & Broadway,"40.77163851,-73.98261428",Morning,615,567,1182
E 15 St & 3 Ave,"40.734232,-73.986923",Morning,649,524,1173
E 52 St & 2 Ave,"40.756014,-73.967416",Morning,605,567,1172
Canal St & Rutgers St,"40.71427487,-73.98990025",Morning,712,457,1169
E 31 St & 3 Ave,"40.74394314,-73.97966069",Morning,707,461,1168
Clinton Ave & Flushing Ave,"40.69794,-73.96986848",Morning,482,672,1154
W 20 St & 8 Ave,"40.74345335,-74.00004031",Morning,761,392,1153
E 10 St & 5 Ave,"40.73331967,-73.99510132",Morning,550,589,1139
Bayard St & Baxter St,"40.71602118,-73.99974372",Morning,577,559,1136
2 Ave & E 31 St,"40.74290902,-73.97706058",Morning,673,456,1129
Kent Ave & N 7 St,"40.720367752984551,-73.961650729179382",Morning,385,722,1107
E 56 St & Madison Ave,"40.761628,-73.972924",Morning,409,695,1104
E 53 St & Lexington Ave,"40.75828065,-73.97069431",Morning,468,635,1103
Clinton St & Tillary St,"40.696192,-73.991218",Morning,541,558,1099
W 56 St & 10 Ave,"40.768254,-73.988639",Morning,645,451,1096
Spruce St & Nassau St,"40.71146364,-74.00552427",Morning,408,686,1094
Atlantic Ave & Furman St,"40.69165183,-73.9999786",Morning,581,497,1078
E 25 St & 1 Ave,"40.7381765,-73.97738662",Morning,607,471,1078
Elizabeth St & Hester St,"40.71729,-73.996375",Morning,581,493,1074
W 43 St & 10 Ave,"40.76009437,-73.99461843",Morning,657,416,1073
Jay St & Tech Pl,"40.695065,-73.987167",Morning,528,541,1069
E 19 St & 3 Ave,"40.73624527,-73.98473765",Morning,631,418,1049
1 Ave & E 18 St,"40.733812191966315,-73.980544209480286",Morning,710,326,1036
Front St & Maiden Ln,"40.70530954,-74.00612572",Morning,536,493,1029
E 11 St & 1 Ave,"40.72953837,-73.98426726",Morning,539,485,1024
E 20 St & FDR Drive,"40.73314259,-73.97573881",Morning,687,326,1013
William St & Pine St,"40.70717936,-74.00887308",Morning,464,542,1006
E 14 St & Avenue B,"40.72938685,-73.97772429",Morning,803,201,1004
St Marks Pl & 1 Ave,"40.72779126,-73.98564945",Morning,618,382,1000
Warren St & Church St,"40.71473993,-74.00910627",Morning,381,603,984
Hudson St & Reade St,"40.71625008,-74.0091059",Morning,496,488,984
W 29 St & 9 Ave,"40.7500727,-73.99839279",Morning,477,500,977
Division St & Bowery,"40.71413089,-73.9970468",Morning,553,423,976
Water - Whitehall Plaza,"40.70255065,-74.0127234",Morning,405,565,970
E 3 St & 1 Ave,"40.72467721,-73.98783413",Morning,573,396,969
Lawrence St & Willoughby St,"40.69236178,-73.98631746",Morning,400,558,958
Columbus Ave & W 72 St,"40.7770575,-73.97898475",Morning,588,365,953
Norfolk St & Broome St,"40.7172274,-73.98802084",Morning,568,384,952
W 47 St & 10 Ave,"40.76269882,-73.99301222",Morning,530,422,952
W 13 St & 7 Ave,"40.73781509,-73.99994661",Morning,548,403,951
E 55 St & Lexington Ave,"40.75968085,-73.97031366",Morning,437,510,947
W 11 St & 6 Ave,"40.73532427,-73.99800419",Morning,500,440,940
E 9 St & Avenue C,"40.72521311,-73.97768752",Morning,658,278,936
Fulton St & William St,"40.70955958,-74.00653609",Morning,444,488,932
E 72 St & York Ave,"40.76663814,-73.95348296",Morning,497,431,928
E 6 St & Avenue B,"40.72453734,-73.98185424",Morning,622,304,926
S 4 St & Wythe Ave,"40.71285887,-73.96590294",Morning,453,472,925
Shevchenko Pl & E 7 St,"40.728145,-73.990214",Morning,509,415,924
Queens Plaza North & Crescent St,"40.75110165,-73.94073717",Morning,528,396,924
Carlton Ave & Flushing Ave,"40.697787,-73.973736",Morning,425,493,918
W 59 St & 10 Ave,"40.770513,-73.988038",Morning,412,505,917
Pike St & E Broadway,"40.71406667,-73.99293911",Morning,598,317,915
Washington Pl & 6 Ave,"40.73224119,-74.00026394",Morning,502,411,913
W 53 St & 10 Ave,"40.76669671,-73.99061728",Morning,565,348,913
Pearl St & Hanover Square,"40.7047177,-74.00926027",Morning,382,529,911
S 3 St & Bedford Ave,"40.71260486,-73.96264403",Morning,444,461,905
E 51 St & 1 Ave,"40.75455731,-73.96592976",Morning,491,406,897
Atlantic Ave & Fort Greene Pl,"40.68382604,-73.97632328",Morning,382,499,881
Bedford Ave & Nassau Ave,"40.72311651,-73.95212324",Morning,351,526,877
Nassau St & Navy St,"40.69839895,-73.98068914",Morning,426,450,876
DeKalb Ave & Hudson Ave,"40.689888,-73.981013",Morning,314,550,864
E 43 St & 2 Ave,"40.75022392,-73.97121414",Morning,388,473,861
Washington Ave & Park Ave,"40.69610226,-73.96751037",Morning,392,462,854
N 6 St & Bedford Ave,"40.71745169,-73.95850939",Morning,377,472,849
Cooper Square & E 7 St,"40.729236499100061,-73.990868031978607",Morning,512,332,844
1 Ave & E 62 St,"40.7612274,-73.96094022",Morning,396,438,834
Kent Ave & N 7 St,"40.72057658,-73.96150225",Morning,111,722,833
Broadway & Berry St,"40.71044554,-73.96525063",Morning,435,396,831
Old Slip & Front St,"40.7037992,-74.00838676",Morning,326,498,824
St James Pl & Oliver St,"40.71307916,-73.99851193",Morning,410,411,821
Pearl St & Anchorage Pl,"40.70281858,-73.98765762",Morning,240,576,816
E 41 St & Madison Ave,"40.752165280621966,-73.979921936988816",Morning,388,423,811
Maiden Ln & Pearl St,"40.70706456,-74.00731853",Morning,418,385,803
E 55 St & 2 Ave,"40.75797322,-73.96603308",Morning,423,379,802
E 59 St & Madison Ave,"40.76350532,-73.97109243",Morning,316,486,802
Grand St & Elizabeth St,"40.718822,-73.99596",Morning,418,383,801
E 2 St & Avenue C,"40.7208736,-73.98085795",Morning,604,182,786
Duane St & Greenwich St,"40.71748752,-74.0104554",Morning,333,436,769
Central Park W & W 96 St,"40.79127,-73.964839",Morning,403,362,765
E 59 St & Sutton Pl,"40.75849116,-73.95920622",Morning,352,408,760
2 Ave & E 58 St,"40.76020258,-73.96478473",Morning,344,415,759
Harrison St & Hudson St,"40.71870987,-74.0090009",Morning,351,408,759
W 82 St & Central Park West,"40.78275,-73.97137",Morning,350,402,752
State St & Smith St,"40.68926942,-73.98912867",Morning,391,358,749
5 Ave & E 93 St,"40.7857851,-73.957481",Morning,365,380,745
Clark St & Henry St,"40.69760127,-73.99344559",Morning,391,348,739
Cliff St & Fulton St,"40.70823502,-74.00530063",Morning,308,431,739
Clinton St & Grand St,"40.71559509,-73.9870295",Morning,386,350,736
John St & William St,"40.70862144,-74.00722156",Morning,366,369,735
Cherry St,"40.71219906,-73.97948148",Morning,480,252,732
W 55 St & 6 Ave,"40.763093872707969,-73.9783501625061",Morning,353,373,726
W 54 St & 9 Ave,"40.76584941,-73.98690506",Morning,409,307,716
St James Pl & Pearl St,"40.71117416,-74.00016545",Morning,292,421,713
Broad St & Bridge St,"40.70365182,-74.01167797",Morning,225,486,711
W 52 St & 6 Ave,"40.76132983124814,-73.979820013046265",Morning,215,486,701
Rivington St & Ridge St,"40.71850211,-73.98329859",Morning,489,211,700
E 72 St & Park Ave,"40.771182875406581,-73.964094221591949",Morning,379,320,699
E 16 St & Irving Pl,"40.735367055605394,-73.987973928451538",Morning,126,563,689
W 49 St & 5 Ave,"40.75795248,-73.97787642",Morning,267,413,680
W 67 St & Broadway,"40.77492513,-73.98266566",Morning,313,358,671
Brooklyn Bridge Park - Pier 2,"40.69878,-73.99712",Morning,345,323,668
Duffield St & Willoughby St,"40.69221589,-73.9842844",Morning,383,281,664
E 84 St & Park Ave,"40.77862688,-73.95772073",Morning,287,364,651
W 52 St & 9 Ave,"40.76461837,-73.98789473",Morning,372,279,651
Hicks St & Montague St,"40.69512845,-73.99595065",Morning,289,350,639
Columbia Heights & Cranberry St,"40.70037867,-73.99548059",Morning,296,334,630
9 Ave & W 28 St,"40.749370241932773,-73.999233841896057",Morning,312,317,629
Clinton Ave & Myrtle Ave,"40.693261,-73.968896",Morning,418,204,622
E 5 St & Avenue C,"40.72299208,-73.97995466",Morning,504,117,621
W 27 St & 10 Ave,"40.750181563256831,-74.002184271812439",Morning,265,355,620
Central Park West & W 100 St,"40.793393,-73.9635556",Morning,287,332,619
W 42 St & Dyer Ave,"40.758984813996342,-73.993799686431885",Morning,471,144,615
Amsterdam Ave & W 73 St,"40.779668090073123,-73.980930447578416",Morning,343,271,614
Riverside Blvd & W 67 St,"40.777507027547976,-73.988885879516587",Morning,372,236,608
E 55 St & 3 Ave,"40.758996559605116,-73.968653976917267",Morning,249,359,608
Cadman Plaza West & Montague St,"40.69383,-73.990539",Morning,330,269,599
Market St & Cherry St,"40.71076228,-73.99400398",Morning,366,229,595
E 2 St & 2 Ave,"40.7245634290432,-73.9894437789917",Morning,45,536,581
Laight St & Hudson St,"40.72185379,-74.00771779",Morning,291,290,581
Fulton St & Rockwell Pl,"40.688226,-73.979382",Morning,271,303,574
Concord St & Bridge St,"40.69766564,-73.98476437",Morning,331,233,564
3 Ave & E 62 St,"40.76312584,-73.96526895",Morning,261,302,563
E 6 St & Avenue D,"40.72228087,-73.97668709",Morning,398,165,563
N 8 St & Driggs Ave,"40.71774592,-73.95600096",Morning,244,314,558
Broadway & W 25 St,"40.742868773121117,-73.98918628692627",Morning,277,280,557
W 106 St & Central Park West,"40.7981856,-73.9605909006",Morning,361,183,544
Milton St & Franklin St,"40.72906,-73.95779",Morning,270,274,544
Dean St & 4 Ave,"40.68312489,-73.97895137",Morning,277,265,542
University Pl & E 8 St,"40.73143724085228,-73.994903415441513",Morning,271,271,542
E 56 St & 3 Ave,"40.75934501,-73.96759673",Morning,276,263,539
5 Ave & E 103 St,"40.7922553,-73.95249933",Morning,263,268,531
1 Ave & E 78 St,"40.77140426,-73.9535166",Morning,341,189,530
Riverside Dr & W 72 St,"40.780577990103339,-73.985624313354492",Morning,269,247,516
Henry St & Atlantic Ave,"40.69089272,-73.99612349",Morning,244,270,514
W 15 St & 10 Ave,"40.742753828659026,-74.007473587989807",Morning,205,300,505
Johnson St & Gold St,"40.69474881,-73.98362464",Morning,315,190,505
Catherine St & Monroe St,"40.71117444,-73.99682619",Morning,292,212,504
E 85 St & 3 Ave,"40.77801203,-73.95407149",Morning,296,204,500
Berry St & N 8 St,"40.7190095,-73.95852515",Morning,192,307,499
E 67 St & Park Ave,"40.767800801481322,-73.965920805931091",Morning,259,236,495
Pike St & Monroe St,"40.71173107,-73.99193043",Morning,316,179,495
Bialystoker Pl & Delancey St,"40.71622644,-73.98261206",Morning,357,137,494
Riverside Dr & W 78 St,"40.78414472,-73.98362492",Morning,308,182,490
Lefferts Pl & Franklin Ave,"40.680342423,-73.9557689392",Morning,315,170,485
Lafayette Ave & Fort Greene Pl,"40.68691865,-73.976682",Morning,222,254,476
DeKalb Ave & S Portland Ave,"40.68981035,-73.97493121",Morning,213,262,475
Franklin Ave & Myrtle Ave,"40.694528,-73.958089",Morning,326,139,465
Joralemon St & Adams St,"40.69246277,-73.98963911",Morning,228,227,455
Emerson Pl & Myrtle Ave,"40.69363137,-73.96223558",Morning,323,129,452
Lexington Ave & E 63 St,"40.76440023,-73.96648977",Morning,218,232,450
DeKalb Ave & Skillman St,"40.6906495,-73.95643107",Morning,301,147,448
Front St & Gold St,"40.70224,-73.982578",Morning,182,263,445
Fulton St & Washington Ave,"40.683048,-73.964915",Morning,283,160,443
Henry St & Poplar St,"40.700469,-73.991454",Morning,185,258,443
Nassau Ave & Russell St,"40.72557,-73.94434",Morning,301,141,442
Madison Ave & E 82 St,"40.7781314,-73.96069399",Morning,117,325,442
Vernon Blvd & 50 Ave,"40.74232744,-73.95411749",Morning,136,306,442
W 84 St & Broadway,"40.7867947,-73.977112",Morning,320,121,441
Henry St & Grand St,"40.714215,-73.981346",Morning,286,155,441
W 76 St & Columbus Ave,"40.7801839724239,-73.977285325527191",Morning,284,156,440
Riverside Dr & W 82 St,"40.78720869,-73.98128127",Morning,285,154,439
8 Ave & W 16 St,"40.740983,-74.001702",Morning,244,193,437
Willoughby St & Fleet St,"40.69196566,-73.9813018",Morning,185,245,430
Clinton St & Joralemon St,"40.69239502,-73.99337909",Morning,230,197,427
Grand St & Havemeyer St,"40.71286844,-73.95698119",Morning,203,222,425
Pitt St & Stanton St,"40.71926081,-73.98178024",Morning,331,94,425
Madison St & Montgomery St,"40.713126,-73.984844",Morning,233,189,422
Montrose Ave & Bushwick Ave,"40.70767788,-73.94016171",Morning,260,160,420
Willoughby Ave & Hall St,"40.69196035,-73.96536851",Morning,249,168,417
N 12 St & Bedford Ave,"40.72079821,-73.95484712",Morning,182,232,414
Greenpoint Ave & Manhattan Ave,"40.73026,-73.95394",Morning,196,217,413
McGuinness Blvd & Eagle St,"40.73555,-73.95284",Morning,246,163,409
E 37 St & Lexington Ave,"40.748238,-73.978311",Morning,203,205,408
Bedford Ave & S 9 St,"40.70853074,-73.96408963",Morning,264,143,407
W 84 St & Columbus Ave,"40.78499979,-73.97283406",Morning,258,148,406
Lafayette Ave & Classon Ave,"40.68900443,-73.96023854",Morning,252,154,406
DeKalb Ave & Vanderbilt Ave,"40.68940747,-73.96885458",Morning,198,196,394
Avenue D & E 8 St,"40.72368361,-73.97574813",Morning,304,87,391
Broadway & Roebling St,"40.709248262761569,-73.960631489753723",Morning,187,202,389
N 11 St & Wythe Ave,"40.72153267,-73.95782357",Morning,216,171,387
Meserole Ave & Manhattan Ave,"40.72708584,-73.95299117",Morning,197,184,381
Grand Army Plaza & Plaza St West,"40.6729679,-73.97087984",Morning,164,208,372
Lafayette Ave & St James Pl,"40.68851534,-73.9647628",Morning,221,143,364
Madison St & Clinton St,"40.71269042,-73.98776323",Morning,265,94,359
W 78 St & Broadway,"40.78339981,-73.98093133",Morning,183,174,357
Macon St & Nostrand Ave,"40.6809833854,-73.9500479759",Morning,200,155,355
Hanson Pl & Ashland Pl,"40.685068073081773,-73.977907598018632",Morning,129,225,354
E 58 St & 1 Ave,"40.75892386377695,-73.962262272834778",Morning,163,190,353
W 70 St & Amsterdam Ave,"40.77748046,-73.98288594",Morning,186,161,347
Stanton St & Mangin St,"40.71782143,-73.97628939",Morning,200,146,346
Bond St & Schermerhorn St,"40.68807003,-73.98410637",Morning,184,162,346
Huron St & Franklin St,"40.73266,-73.95826",Morning,203,138,341
Avenue D & E 3 St,"40.72082834,-73.97793172",Morning,239,102,341
Columbia St & Rivington St,"40.71739973,-73.98016555",Morning,231,109,340
Fulton St & Adams St,"40.692418292578466,-73.989494740962982",Morning,192,147,339
Ashland Pl & Hanson Pl,"40.68528172,-73.97805813",Morning,159,180,339
Bond St & Fulton St,"40.689621887903328,-73.983042687177658",Morning,124,211,335
Fulton St & Grand Ave,"40.68223166,-73.9614583",Morning,197,138,335
E 81 St & 3 Ave,"40.77573034,-73.9567526",Morning,244,89,333
Graham Ave & Conselyea St,"40.715143,-73.944507",Morning,217,115,332
India St & Manhattan Ave,"40.73232194,-73.9550858",Morning,208,121,329
E 53 St & 3 Ave,"40.757632277394428,-73.969305753707886",Morning,147,182,329
Adelphi St & Myrtle Ave,"40.69308257,-73.97178913",Morning,224,99,323
W 74 St & Columbus Ave,"40.7785669,-73.97754961",Morning,175,141,316
6 Ave & Spring St,"40.7252556952547,-74.004120826721191",Morning,169,146,315
Willoughby Ave & Walworth St,"40.69331716,-73.95381995",Morning,225,90,315
E 81 St & Park Ave,"40.77677702,-73.9590097",Morning,163,149,312
W 36 St & 9 Ave,"40.754623240291053,-73.99516761302948",Morning,167,142,309
9 St & 44 Rd,"40.74966,-73.9521",Morning,231,76,307
Washington Park,"40.6917823,-73.9737299",Morning,224,80,304
Amsterdam Ave & W 82 St,"40.78524672,-73.97667321",Morning,175,129,304
E 75 St & 3 Ave,"40.77112927,-73.95772297",Morning,205,97,302
Myrtle Ave & St Edwards St,"40.69327018,-73.97703874",Morning,166,135,301
S Portland Ave & Hanson Pl,"40.68539567,-73.97431458",Morning,150,149,299
E 44 St & 2 Ave,"40.751183874632773,-73.971387147903442",Morning,156,142,298
West Drive & Prospect Park West,"40.6610633719006,-73.979452550411224",Morning,153,142,295
Bergen St & Smith St,"40.6867443,-73.99063168",Morning,140,154,294
Fulton St & Clermont Ave,"40.68415748,-73.96922273",Morning,181,110,291
Metropolitan Ave & Meeker Ave,"40.71413311,-73.95234386",Morning,143,148,291
Murray St & Greenwich St,"40.714851505262516,-74.011223316192627",Morning,98,192,290
Schermerhorn St & Court St,"40.691029256779679,-73.991833627223969",Morning,126,163,289
Union Ave & N 12 St,"40.71924,-73.95242",Morning,133,155,288
Myrtle Ave & Lewis Ave,"40.69681963,-73.93756926",Morning,169,119,288
W Broadway & Spring Street,"40.724946723594158,-74.00165855884552",Morning,102,177,279
Cathedral Pkwy & Broadway,"40.804213,-73.96699104",Morning,107,172,279
Hope St & Union Ave,"40.71167351,-73.95141312",Morning,177,101,278
Humboldt St & Varet St,"40.7031724,-73.940636",Morning,183,95,278
Central Park West & W 102 St,"40.795346,-73.96186",Morning,170,104,274
Monroe St & Bedford Ave,"40.6851443,-73.95380904",Morning,193,78,271
Franklin St & Dupont St,"40.73564,-73.95866",Morning,157,114,271
46 Ave & 5 St,"40.74731,-73.95451",Morning,160,110,270
E 84 St & 1 Ave,"40.77565541,-73.95068615",Morning,158,105,263
Washington Ave & Greene Ave,"40.68650065,-73.96563307",Morning,187,76,263
Roebling St & N 4 St,"40.71469,-73.95739",Morning,134,129,263
E 97 St & Madison Ave,"40.787801,-73.953559",Morning,150,109,259
Soissons Landing,"40.69231660719192,-74.014865756034851",Morning,161,97,258
W 64 St & West End Ave,"40.77452835,-73.98753759",Morning,178,78,256
Lenox Ave & W 111 St,"40.7987859,-73.9523",Morning,135,120,255
Center Blvd & Borden Ave,"40.74161,-73.96044",Morning,88,167,255
Penn Station Valet,"40.751283596962296,-73.99692445993422",Morning,207,37,244
Cumberland St & Lafayette Ave,"40.68753406,-73.97265183",Morning,148,96,244
East End Ave & E 86 St,"40.77518615,-73.94446054",Morning,145,99,244
S 4 St & Rodney St,"40.70934,-73.95608",Morning,144,95,239
Lexington Ave & Classon Ave,"40.68676793,-73.95928168",Morning,155,81,236
E 85 St & York Ave,"40.77536905,-73.94803392",Morning,171,63,234
Plaza St West & Flatbush Ave,"40.6750207,-73.97111473",Morning,118,116,234
E 76 St & Park Ave,"40.773763,-73.96222088",Morning,124,105,229
44 Dr & Jackson Ave,"40.74718234,-73.9432635",Morning,114,114,228
Clermont Ave & Park Ave,"40.69573398,-73.97129668",Morning,173,55,228
Carlton Ave & Park Ave,"40.69580705,-73.97355569",Morning,131,97,228
Driggs Ave & Lorimer St,"40.72179134,-73.9504154",Morning,109,113,222
W 104 St & Amsterdam Ave,"40.7989937,-73.9662173778",Morning,161,59,220
E 110 St & Madison Ave,"40.7961535,-73.94782145",Morning,153,66,219
Broadway & Whipple St,"40.7016657,-73.9437303",Morning,127,89,216
Amsterdam Ave & W 79 St,"40.7829391,-73.9786517",Morning,113,103,216
Driggs Ave & N Henry St,"40.72325,-73.94308",Morning,165,49,214
Columbia St & Degraw St,"40.6859296,-74.00242364",Morning,123,90,213
E 66 St & Madison Ave,"40.768008893059474,-73.96845281124115",Morning,99,114,213
Hancock St & Bedford Ave,"40.68216564,-73.95399026",Morning,157,55,212
Clermont Ave & Lafayette Ave,"40.68764484,-73.96968902",Morning,113,97,210
W 95 St & Broadway,"40.7937704,-73.971888",Morning,112,98,210
Avenue D & E 12 St,"40.72580614,-73.97422494",Morning,172,35,207
W 89 St & Columbus Ave,"40.7882213,-73.97041561",Morning,132,75,207
Sands St & Navy St,"40.699773,-73.979927",Morning,56,150,206
E 81 St & York Ave,"40.7728384,-73.94989233",Morning,140,62,202
E 35 St & 3 Ave,"40.746524,-73.977885",Morning,105,88,193
Banker St & Meserole Ave,"40.72606,-73.95621",Morning,118,72,190
Carroll St & Smith St,"40.680611,-73.99475825",Morning,115,73,188
Division Ave & Hooper St,"40.70691254,-73.95441667",Morning,117,70,187
Lewis Ave & Madison St,"40.686312,-73.935775",Morning,151,36,187
Riverside Dr & W 104 St,"40.8013434,-73.9711457439",Morning,104,80,184
W 87 St  & Amsterdam Ave,"40.78839,-73.9747",Morning,118,65,183
E 58 St & Madison Ave,"40.763025942805193,-73.972095251083374",Morning,77,106,183
Yankee Ferry Terminal,"40.686931,-74.016966",Morning,62,120,182
Myrtle Ave & Marcy Ave,"40.69539817,-73.94954908",Morning,126,56,182
3 Ave & Schermerhorn St,"40.68683208,-73.9796772",Morning,82,99,181
Union Ave & Wallabout St,"40.70029511,-73.95032283",Morning,102,78,180
Union St & 4 Ave,"40.6772744,-73.98282002",Morning,100,78,178
Stagg St & Union Ave,"40.70877084,-73.95095259",Morning,121,57,178
Bushwick Ave & Powers St,"40.71247661,-73.94100005",Morning,106,69,175
Greenwich St & Hubert St,"40.721319,-74.010065",Morning,72,101,173
Monroe St & Classon Ave,"40.6845683,-73.95881081",Morning,119,53,172
Norman Ave & Leonard St,"40.7258483,-73.95064893",Morning,122,50,172
45 Rd & 11 St,"40.74708586,-73.94977234",Morning,76,95,171
W 106 St & Amsterdam Ave,"40.8008363,-73.9664492472",Morning,100,70,170
E 91 St & 2 Ave,"40.781122299341661,-73.949655890464783",Morning,120,49,169
Columbus Ave & W 95 St,"40.7919557,-73.968087",Morning,95,72,167
Fulton St & Utica Ave,"40.6794268,-73.9298911",Morning,77,89,166
Lorimer St & Broadway,"40.70411791,-73.94818595",Morning,73,93,166
Boerum St & Broadway,"40.70538077,-73.94976519",Morning,107,58,165
Greene Ave & Throop Ave,"40.6894932,-73.942061",Morning,131,32,163
Nassau Ave & Newell St,"40.724812564400175,-73.947526216506958",Morning,119,43,162
Union Ave & Jackson St,"40.7160751,-73.952029",Morning,90,71,161
Gold St & Frankfort St,"40.710699946313873,-74.003541469573975",Morning,54,107,161
Carroll St & Columbia St,"40.6830456,-74.00348559",Morning,103,56,159
E 68 St & Madison Ave,"40.7691572,-73.96703464",Morning,77,80,157
Jackson Ave & 46 Rd,"40.74524768,-73.94733276",Morning,63,94,157
Division Ave & Marcy Ave,"40.70708701,-73.95796783",Morning,99,58,157
Hanson Pl & St Felix St,"40.685159599891776,-73.977113664150238",Morning,84,73,157
48 Ave & 5 St,"40.744363287066875,-73.9558732509613",Morning,94,63,157
E 41 St & 5 Ave,"40.752722013811884,-73.981236219406128",Morning,55,101,156
W 37 St & Broadway,"40.752270938374089,-73.987705707550049",Morning,93,63,156
Douglass St & 3 Ave,"40.6802133,-73.98432695",Morning,104,52,156
Tompkins Ave & Hopkins St,"40.69957608,-73.94708417",Morning,82,74,156
Court St & State St,"40.6902375,-73.99203074",Morning,73,80,153
Putnam Ave & Throop Ave,"40.6851532,-73.94111",Morning,113,39,152
Bergen St & Flatbush Ave,"40.680944723477296,-73.975673317909227",Morning,76,73,149
3 Ave & E 71 St,"40.76873687,-73.96119945",Morning,77,72,149
Graham Ave & Grand St,"40.711863,-73.944024",Morning,102,47,149
E 91 St & Park Ave,"40.7835016,-73.955327",Morning,68,80,148
E 68 St & 3 Ave,"40.76712840349542,-73.962246179580688",Morning,79,67,146
5 Ave & 3 St,"40.6728155,-73.98352355",Morning,74,71,145
Marcy Ave & Lafayette Ave,"40.6900815,-73.947915",Morning,105,40,145
Kosciuszko St & Nostrand Ave,"40.69072549,-73.95133465",Morning,109,36,145
W 100 St & Broadway,"40.7973721,-73.97041192",Morning,84,60,144
Park Ave & St Edwards St,"40.69608941,-73.97803415",Morning,91,51,142
E 71 St & 1 Ave,"40.76703432309872,-73.95622730255127",Morning,76,66,142
Madison Ave & E 99 St,"40.789485415532148,-73.952429294586182",Morning,61,81,142
Court St & Nelson St,"40.6763947,-73.99869893",Morning,95,46,141
E 80 St & 2 Ave,"40.773913902381182,-73.9543953537941",Morning,101,40,141
Berkeley Pl & 7 Ave,"40.675146838709786,-73.975232094526291",Morning,66,74,140
Greene Ave & Nostrand Ave,"40.6883337,-73.950916",Morning,89,49,138
Leonard St & Grand St,"40.71103537,-73.94714303",Morning,90,46,136
2 Ave & E 96 St,"40.7839636,-73.9471673",Morning,69,67,136
3 St & Prospect Park West,"40.668132,-73.97363831",Morning,61,73,134
W 17 St & 9 Ave,"40.742948916600909,-74.004136919975281",Morning,68,66,134
Columbia St & Kane St,"40.68763155,-74.0016256",Morning,97,36,133
Baltic St & 5 Ave,"40.6795766,-73.97854971",Morning,74,58,132
Commerce St & Van Brunt St,"40.6812117,-74.00860912",Morning,41,89,130
21 St & Queens Plaza North,"40.75325964,-73.94335788",Morning,82,47,129
Warren St & Court St,"40.686371,-73.99383324",Morning,58,70,128
E 40 St & Madison Ave,"40.751593684511114,-73.98043155670166",Morning,54,72,126
Scholes St & Manhattan Ave,"40.70870368,-73.9448625",Morning,85,40,125
Marcus Garvey Blvd & Macon St,"40.682601,-73.938037",Morning,58,66,124
Congress St & Clinton St,"40.6881529,-73.99520919",Morning,61,62,123
7 Ave & Park Pl,"40.6776147,-73.97324283",Morning,61,61,122
Lewis Ave & Kosciuszko St,"40.69237074,-73.93705428",Morning,90,32,122
Amsterdam Ave & W 66 St,"40.7746671,-73.98470567",Morning,51,69,120
Soissons Landing,"40.692609,-74.016398",Morning,23,97,120
Prospect Park West & 8 St,"40.66514681533792,-73.976376056671143",Morning,63,56,119
Smith St & 9 St,"40.6746957,-73.99785768",Morning,50,68,118
1 Ave & E 94 St,"40.7817212,-73.94594",Morning,72,45,117
E 106 St & Madison Ave,"40.7934337,-73.94945003",Morning,56,61,117
President St & Henry St,"40.6828003,-73.99990419",Morning,85,31,116
Gallatin Pl & Livingston St,"40.69028437,-73.98707105",Morning,41,74,115
E 61 St & Park Ave,"40.764210071690634,-73.969104588031769",Morning,47,66,113
E 88 St & 1 Ave,"40.778301,-73.9488134",Morning,70,43,113
E 74 St & 1 Ave,"40.7689738,-73.95482273",Morning,63,49,112
E 102 St & 1 Ave,"40.7869946,-73.94164802",Morning,77,34,111
Bond St & Bergen St,"40.6849668,-73.98620772",Morning,56,55,111
Devoe St & Lorimer St,"40.713352262228753,-73.9491033554077",Morning,54,56,110
Pioneer St & Van Brunt St,"40.679043,-74.011169",Morning,52,58,110
Graham Ave & Herbert St,"40.71929301,-73.94500379",Morning,74,35,109
E 89 St & 3 Ave,"40.7806284,-73.9521667",Morning,78,31,109
Leonard St & Bayard St,"40.71928,-73.94861",Morning,57,51,108
Riverside Dr & W 91 St,"40.793134809866629,-73.977003693580627",Morning,52,54,106
N 15 St & Wythe Ave,"40.724055,-73.955736",Morning,40,63,103
E 65 St & 2 Ave,"40.764718519443392,-73.962220698595047",Morning,61,42,103
E 77 St & Park Ave,"40.774405455003,-73.961752653121934",Morning,45,58,103
Smith St & 3 St,"40.6787242,-73.99599099",Morning,47,56,103
India St & East River,"40.73165141,-73.96161892",Morning,34,69,103
W 110 St & Amsterdam Ave,"40.802692,-73.96295",Morning,52,50,102
W 100 St & Manhattan Ave,"40.795,-73.9645",Morning,73,29,102
E 78 St & 2 Ave,"40.7727966,-73.95577801",Morning,65,37,102
Butler St & Court St,"40.6849894,-73.99440329",Morning,50,52,102
Lenox Ave & W 126 St,"40.808442,-73.9452087",Morning,66,34,100
Kingston Ave & Herkimer St,"40.67890679,-73.94142771",Morning,57,43,100
North Moore St & Greenwich St,"40.720195214374648,-74.0103006362915",Morning,56,44,100
West End Ave & W 94 St,"40.7941654,-73.974124",Morning,68,31,99
Richardson St & N Henry St,"40.719078911795641,-73.94223690032959",Morning,76,23,99
Henry St & Degraw St,"40.6847514,-73.99917254",Morning,64,35,99
Willoughby Ave & Tompkins Ave,"40.69425403,-73.94626915",Morning,79,20,99
Clinton St & Union St,"40.6831164,-73.99785267",Morning,72,26,98
Montague St & Clinton St,"40.694281141397326,-73.99230033159256",Morning,38,60,98
Picnic Point,"40.685125595154148,-74.025353193283081",Morning,34,63,97
E 103 St & Lexington Ave,"40.7903051,-73.94755757",Morning,53,44,97
Van Brunt St & Wolcott St,"40.6773429,-74.01275056",Morning,47,50,97
21 St & 43 Ave,"40.75052534,-73.94594845",Morning,64,32,96
E 88 St & Park Ave,"40.781410700190015,-73.95595908164978",Morning,46,50,96
Park Ave & E 124 St,"40.8045555,-73.9396861",Morning,58,38,96
Park Ave & Marcus Garvey Blvd,"40.698617,-73.941342",Morning,71,25,96
Prospect Pl & 6 Ave,"40.6793307,-73.97519523",Morning,43,53,96
Throop Ave & Myrtle Ave,"40.69622937,-73.94371094",Morning,66,29,95
Leonard St & Boerum St,"40.70583339,-73.94644578",Morning,66,29,95
Frederick Douglass Blvd & W 117 St,"40.805159,-73.954692",Morning,47,47,94
Albany Ave & Fulton St,"40.6800105,-73.938475",Morning,33,61,94
Kosciuszko St & Tompkins Ave,"40.69128258,-73.9452416",Morning,72,22,94
Monroe St & Tompkins Ave,"40.686203,-73.944694",Morning,71,23,94
E 89 St & York Ave,"40.7779453,-73.946041",Morning,59,35,94
Schermerhorn St & 3 Ave,"40.686808205034318,-73.980361819267273",Morning,68,24,92
W 107 St & Columbus Ave,"40.7997568,-73.9621128676",Morning,50,42,92
3 St & 3 Ave,"40.6750705,-73.98775226",Morning,37,54,91
Graham Ave & Withers St,"40.7169811,-73.94485918",Morning,60,31,91
Devoe St & Leonard St,"40.71348658,-73.94792458",Morning,55,35,90
W 90 St & Amsterdam Ave,"40.790179480950812,-73.972889184951782",Morning,63,26,89
Verona Pl & Fulton St,"40.6803560840434,-73.9476791024208",Morning,53,34,87
Frederick Douglass Blvd & W 112 St,"40.801694,-73.957145",Morning,50,36,86
West End Ave & W 107 St,"40.8021174,-73.9681805305",Morning,44,42,86
E 77 St & 3 Ave,"40.77314236,-73.95856158",Morning,39,47,86
Columbus Ave & W 103 St,"40.7969347,-73.9643412291",Morning,55,30,85
Nostrand Ave & Myrtle Ave,"40.69527008,-73.95238108",Morning,51,34,85
Lewis Ave & Decatur St,"40.6814598,-73.934903",Morning,58,27,85
W 92 St & Broadway,"40.7921,-73.9739",Morning,37,48,85
Carroll St & 5 Ave,"40.6751622,-73.9814832",Morning,49,35,84
Halsey St & Tompkins Ave,"40.6823687,-73.944118",Morning,37,46,83
W 113 St & Broadway,"40.805973,-73.964928",Morning,39,44,83
3 Ave & E 72 St,"40.7699426,-73.96060712",Morning,43,40,83
14 St & 5 Ave,"40.666287,-73.98895053",Morning,56,27,83
Clinton St & 4 Place,"40.6783563,-74.00014502",Morning,56,26,82
Union St & Nevins St,"40.679097997216843,-73.987654745578766",Morning,40,42,82
2 Ave  & E 104 St,"40.7892105,-73.94370784",Morning,43,39,82
3 St & Hoyt St,"40.6777287,-73.99364123",Morning,25,56,81
Coffey St & Conover St,"40.677236,-74.015665",Morning,18,63,81
W 16 St & 8 Ave,"40.741021509002664,-74.001384973526",Morning,37,43,80
Jay St & York St,"40.701403172577244,-73.986726701259613",Morning,24,56,80
Degraw St & Smith St,"40.6829151,-73.99318208",Morning,34,46,80
E 76 St & 3 Ave,"40.772248537721744,-73.958421349525452",Morning,47,33,80
McKibbin St & Manhattan Ave,"40.70510918,-73.94407279",Morning,44,35,79
E 67 St & Lexington Ave,"40.767342591432168,-73.9648586511612",Morning,36,42,78
Frost St & Meeker St,"40.71764,-73.94882",Morning,47,30,77
Dean St & Hoyt St,"40.6864442,-73.98759104",Morning,47,30,77
3 Ave & 14 St,"40.6685455,-73.99333264",Morning,53,23,76
Kane St & Clinton St,"40.6861758,-73.99645295",Morning,49,27,76
2 Ave & 9 St,"40.6724811,-73.99331394",Morning,49,27,76
E 43 St & 5 Ave,"40.754120810779256,-73.980251848697662",Morning,37,38,75
E 12 St & Avenue B,"40.728048571362606,-73.978811502456665",Morning,55,20,75
Putnam Ave & Nostrand Ave,"40.68402,-73.94977",Morning,49,25,74
W 18 St & 9 Ave,"40.7435337324616,-74.003675580024719",Morning,36,38,74
Flushing Ave & Vanderbilt Ave,"40.697950315695444,-73.970775604248047",Morning,26,48,74
Norman Ave & Leonard St,"40.725769967272143,-73.9507395029068",Morning,24,50,74
Eastern Pkwy & Washington Ave,"40.6716493,-73.9631145",Morning,25,48,73
Cambridge Pl & Gates Ave,"40.68488,-73.96304",Morning,52,21,73
14 St & 7 Ave,"40.663779,-73.98396846",Morning,45,28,73
W 88 St & West End Ave,"40.790254173304191,-73.977183401584611",Morning,49,24,73
Leonard St & Maujer St,"40.7103685423523,-73.947059512138367",Morning,52,21,73
6 Ave & 9 St,"40.668127,-73.98377641",Morning,29,43,72
E 82 St & East End Ave,"40.772460677893974,-73.946820795536041",Morning,43,29,72
E 109 St & 3 Ave,"40.79329668,-73.9432083",Morning,50,22,72
W 116 St & Broadway,"40.8082,-73.9641",Morning,33,38,71
3 St & 7 Ave,"40.6703837,-73.97839676",Morning,34,37,71
Berkeley Pl & 6 Ave,"40.6765304,-73.97846879",Morning,44,27,71
Douglass St & 4 Ave,"40.6792788,-73.98154004",Morning,35,36,71
Wyckoff St & 3 Ave,"40.6827549,-73.98258555",Morning,41,29,70
E 71 St & 2 Ave,"40.768175467422452,-73.959102630615234",Morning,34,36,70
Carroll St & Bond St,"40.6786115,-73.99037292",Morning,38,31,69
47 Ave & 31 St,"40.743,-73.93561",Morning,31,38,69
Riverside Dr & W 91 St,"40.7933718,-73.97685115",Morning,14,54,68
Lenox Ave & W 115 St,"40.8011939,-73.9500739",Morning,35,31,66
4 Ave & 9 St,"40.6705135,-73.98876585",Morning,37,29,66
Lenox Ave & W 130 St,"40.8107922,-73.9430681",Morning,41,24,65
21 St & 41 Ave,"40.753833434376219,-73.942676782608018",Morning,44,20,64
E 95 St & 3 Ave,"40.7849032,-73.950503",Morning,40,23,63
Pulaski St & Marcus Garvey Blvd,"40.6933982,-73.939877",Morning,54,9,63
Vernon Blvd & 41 Rd,"40.7552433,-73.9485678",Morning,23,39,62
Bayard St & Leonard St,"40.719155716960437,-73.94885390996933",Morning,21,41,62
Franklin Ave & Empire Blvd,"40.66314,-73.9605695",Morning,34,27,61
1 Pl & Clinton St,"40.6809591,-73.99905709",Morning,42,19,61
7 St & 5 Ave,"40.6704922,-73.98541675",Morning,32,29,61
W 116 St & Amsterdam Ave,"40.8067581,-73.9607082",Morning,26,35,61
4 Ave & 2 St,"40.674613422475815,-73.985011428594589",Morning,27,34,61
6 St & 7 Ave,"40.6686627,-73.97988067",Morning,27,33,60
Carroll St & 6 Ave,"40.6740886,-73.9787282",Morning,37,23,60
Railroad Ave & Kay Ave,"40.70531194,-73.97100056",Morning,12,48,60
10 St & 5 Ave,"40.6686273,-73.98700053",Morning,35,24,59
Adam Clayton Powell Blvd & W 126 St,"40.809495347779475,-73.947764933109283",Morning,28,31,59
10 St & 7 Ave,"40.6662078,-73.98199886",Morning,39,19,58
Reed St & Van Brunt St,"40.6747844,-74.01612847",Morning,26,32,58
E 106 St & 1 Ave,"40.7892529,-73.93956237",Morning,35,22,57
31 St & Thomson Ave,"40.74469738,-73.93540375",Morning,25,32,57
E 102 St & Park Ave,"40.7904828,-73.95033068",Morning,31,25,56
E 93 St & 2 Ave,"40.782454175279874,-73.9489196240902",Morning,29,26,55
Frederick Douglass Blvd & W 129 St,"40.8125511,-73.9492286",Morning,31,22,53
31 St & Broadway,"40.761584,-73.925921",Morning,30,23,53
E 82 St & 2 Ave,"40.77517793,-73.95324922",Morning,45,7,52
Pioneer St & Richards St,"40.6777748,-74.0094613",Morning,34,18,52
E 2 St & Avenue A,"40.723077490686727,-73.985836207866669",Morning,34,18,52
Vernon Blvd & 30 Rd,"40.770845,-73.934171",Morning,22,29,51
Fulton St & Waverly Ave,"40.683238654603414,-73.965995907783508",Morning,34,17,51
Richards St & Delavan St,"40.6794327,-74.00785041",Morning,35,16,51
Hoyt St & Warren St,"40.6843549,-73.98901629",Morning,31,19,50
Sterling Pl & Bedford Ave,"40.672695,-73.954131",Morning,33,16,49
28 St & 41 Ave,"40.751047,-73.93797",Morning,25,24,49
Amsterdam Ave & W 119 St,"40.8086249,-73.9596214",Morning,20,27,47
6 Ave & 12 St,"40.6663181,-73.9854617",Morning,41,6,47
31 St & Astoria Blvd,"40.7699176,-73.9184057",Morning,23,24,47
Hanover Pl & Livingston St,"40.68864636,-73.98263429",Morning,23,24,47
Garfield Pl & 8 Ave,"40.6711978,-73.97484126",Morning,28,18,46
St Nicholas Ave & Manhattan Ave,"40.809725,-73.953149",Morning,29,17,46
Sigourney St & Columbia St,"40.672672434109479,-74.0087952464819",Morning,20,25,45
E 106 St & Lexington Ave,"40.791976,-73.945993",Morning,33,12,45
12 St & 4 Ave,"40.668603,-73.9904394",Morning,32,13,45
Vernon Blvd & 10 St,"40.7671863,-73.9373554",Morning,20,24,44
1 Ave & E 110 St,"40.7923272,-73.9383",Morning,24,20,44
Eastern Pkwy & Franklin Ave,"40.6707767,-73.9576801",Morning,27,17,44
Adam Clayton Powell Blvd & W 115 St,"40.802535,-73.9532423",Morning,34,9,43
Park Pl & Vanderbilt Ave,"40.6767,-73.969024",Morning,22,21,43
Leonard St & Manhattan Ave,"40.721522403393031,-73.94898265600203",Morning,23,20,43
Degraw St & Hoyt St,"40.681990442707026,-73.990790247917175",Morning,31,12,43
India St & West St,"40.731814017209658,-73.95995020866394",Morning,20,23,43
Franklin Ave & St Marks Ave,"40.6758324,-73.9561677",Morning,31,11,42
2 Ave & 36 St - Citi Bike HQ at Industry City,"40.657088666684849,-74.008702039718628",Morning,5,36,41
Schermerhorn St & Bond St,"40.688417427540834,-73.984516561031342",Morning,21,19,40
Van Dyke St & Van Brunt St,"40.675816225228317,-74.01488184928894",Morning,13,27,40
Mt Morris Park W & W 120 St,"40.804038,-73.945925",Morning,24,16,40
Broadway & Moylan Pl,"40.8143256,-73.9590255",Morning,21,19,40
31 St & 23 Ave,"40.7747878,-73.9125551",Morning,18,22,40
Carlton Ave & Dean St,"40.6809741,-73.9710097",Morning,24,14,38
Sterling Pl & 7 Ave,"40.677164894690591,-73.973827958107",Morning,16,22,38
Broadway & W 122 St,"40.8120562,-73.9612547",Morning,23,15,38
Center Blvd & 48 Ave,"40.745038,-73.957539",Morning,21,16,37
Riverside Dr & W 89 St,"40.791811715010972,-73.9786022901535",Morning,20,16,36
2 Ave & E 99 St,"40.7862586,-73.94552579",Morning,19,17,36
Wolcott St & Dwight St,"40.6753274,-74.0100698",Morning,19,17,36
W 120 St & Claremont Ave,"40.8109494,-73.9634",Morning,13,23,36
Pacific St & Nevins St,"40.6853761,-73.98302136",Morning,19,16,35
Pleasant Ave & E 116 St,"40.7949879,-73.9333349",Morning,16,19,35
Astoria Park S & Shore Blvd,"40.7767,-73.927631",Morning,19,16,35
Underhill Ave & Pacific St,"40.6804836,-73.9646795",Morning,19,16,35
36 Ave & 10 St,"40.7614376,-73.9411265",Morning,15,19,34
44 Dr & 21 St,"40.748,-73.9460927",Morning,20,14,34
Eckford St & Engert Ave,"40.721462562298164,-73.948009014129639",Morning,21,12,33
Underhill Ave & Lincoln Pl,"40.6740123,-73.9671457",Morning,24,9,33
37 Ave & 35 St,"40.7531106,-73.9279917",Morning,18,15,33
Amsterdam Ave & W 125 St,"40.813358,-73.956461",Morning,16,16,32
5 St & 6 Ave,"40.6704836,-73.98208968",Morning,20,12,32
35 Ave & 37 St,"40.7557327,-73.9236611",Morning,13,18,31
Henry St & Bay St,"40.6725058,-74.00494695",Morning,20,11,31
10 Hudson Yards,"40.752957,-74.00264",Morning,2,29,31
Bergen St & Vanderbilt Ave,"40.6794388,-73.9680438",Morning,11,20,31
Dwight St & Van Dyke St,"40.673635513415043,-74.011955559253693",Morning,9,22,31
E 115 St & Lexington Ave,"40.797911,-73.9423",Morning,21,9,30
31 Ave & 34 St,"40.763154,-73.920827",Morning,26,4,30
St Johns Pl & Washington Ave,"40.6737236,-73.9631611",Morning,13,17,30
E 97 St & 3 Ave,"40.7859201,-73.94860294",Morning,15,14,29
Adam Clayton Powell Blvd & W 123 St,"40.8078316,-73.949373",Morning,13,16,29
St. Nicholas Ave & W 126 St,"40.8114323,-73.9518776",Morning,17,12,29
31 St & Hoyt Ave N,"40.7711528,-73.9170074",Morning,18,10,28
7 St & 3 Ave,"40.672602981501257,-73.989830017089844",Morning,14,14,28
31 Ave & 30 St,"40.7647,-73.9240312",Morning,18,10,28
Morningside Ave & W 123 St,"40.81,-73.9551508",Morning,14,13,27
34 Ave & 38 St,"40.756913,-73.921631",Morning,15,11,26
Classon Ave & St Marks Ave,"40.6765198,-73.9596082",Morning,19,7,26
Park Pl & Franklin Ave,"40.6741806,-73.9564947",Morning,23,3,26
Jackson St & Leonard St,"40.716380319735613,-73.948212862014771",Morning,19,7,26
Vernon Blvd & 47 Rd,"40.7449067,-73.9534573",Morning,11,15,26
Bedford Ave & Bergen St,"40.676368,-73.952918",Morning,21,4,25
43 St & Broadway,"40.7577284,-73.9166368",Morning,19,5,24
Lenox Ave & W 117 St,"40.8025566,-73.9490782",Morning,20,4,24
Lexington Ave & E 111 St,"40.7954121,-73.9441232",Morning,19,5,24
W 12 St & W 4 St,"40.737561211811368,-74.003982692956924",Morning,15,8,23
W 87 St & West End Ave,"40.790261,-73.977131",Morning,14,9,23
E 123 St & Lexington Ave,"40.8029263,-73.9379",Morning,17,6,23
Carroll St & Washington Ave,"40.6686744,-73.9618148",Morning,1,22,23
27 Ave & 9 St,"40.7739825,-73.9309134",Morning,18,5,23
N Henry St & Richardson St,"40.71921585,-73.9424469",Morning,16,7,23
28 St & 38 Ave,"40.754876,-73.934326",Morning,12,10,22
28 St & 40 Ave,"40.7525758,-73.9364281",Morning,9,13,22
2 Ave & E 122 St,"40.8006721,-73.9349",Morning,9,13,22
Clinton St & Centre St,"40.67434,-74.00194698",Morning,14,8,22
Steinway St & 28 Ave,"40.7656251,-73.9136695",Morning,12,10,22
28 St & 36 Ave,"40.757186,-73.932719",Morning,10,12,22
Crescent St & 30 Ave,"40.768692,-73.9249574",Morning,9,12,21
Henry St & W 9 St,"40.6763744,-74.00324957",Morning,8,12,20
35 St & Broadway,"40.760339,-73.9222427",Morning,13,7,20
E 114 St & 1 Ave,"40.7945663,-73.9362541",Morning,10,10,20
Adam Clayton Powell Blvd & W 118 St,"40.804372,-73.951475",Morning,13,7,20
Ditmars Blvd & 19 St,"40.78145,-73.9183302",Morning,11,9,20
24 St & 41 Ave,"40.7527085,-73.9397405",Morning,11,8,19
3 Ave & E 100 St,"40.7877214,-73.94728331",Morning,9,10,19
31 Ave & Crescent St,"40.7658346,-73.9265474",Morning,15,4,19
35 St & 34 Ave,"40.7580583,-73.9242751",Morning,9,10,19
E 81 St & 2 Ave,"40.774779448957275,-73.954274654388428",Morning,9,10,19
28 Ave & 35 St,"40.7671,-73.9169858",Morning,8,10,18
Columbia St & W 9 St,"40.6769993,-74.00647134",Morning,14,4,18
Grand Ave & Bergen St,"40.678045,-73.962408",Morning,14,4,18
E 118 St & 3 Ave,"40.799139,-73.9389152",Morning,13,5,18
Crescent St & Broadway,"40.7633589,-73.9286471",Morning,15,3,18
21 St & Hoyt Ave S,"40.774645,-73.923706",Morning,10,7,17
19 St & 24 Ave,"40.7774552,-73.9225403",Morning,12,5,17
E 116 St & 2 Ave,"40.796879,-73.937261",Morning,8,9,17
11 St & 35 Ave,"40.7627442,-73.9391141",Morning,7,9,16
Union St & Bedford Ave,"40.6691783,-73.9554162",Morning,15,1,16
Newton Rd & 44 St,"40.7595701,-73.9142678",Morning,8,7,15
Crescent St & 35 Ave,"40.7596276,-73.9321455",Morning,10,5,15
Crown St & Bedford Ave,"40.666563,-73.956741",Morning,13,2,15
Steinway St & 23 Ave,"40.7713937,-73.9077436",Morning,10,4,14
Lincoln Pl & Classon Ave,"40.6721683,-73.9609",Morning,4,10,14
E 118 St & Madison Ave,"40.8014866,-73.9442507",Morning,7,7,14
48 Ave & 30 Pl,"40.741283093559929,-73.937258720397935",Morning,4,10,14
Gansevoort St & Hudson St,"40.739448201304036,-74.005070328712463",Morning,4,10,14
Henry St & W 9 St,"40.67630357634183,-74.003140479326248",Morning,1,12,13
40 Ave & 9 St,"40.75742,-73.945133",Morning,8,5,13
Crescent St & Ditmars Blvd,"40.7787185,-73.9145645",Morning,8,5,13
24 Ave & 29 St,"40.7729,-73.916142",Morning,10,3,13
Prospect Pl & Underhill Ave,"40.6769694,-73.96579",Morning,11,2,13
E 115 St & Madison Ave,"40.7989445,-73.944846",Morning,11,2,13
3 Ave & E 112 St,"40.795508,-73.941606",Morning,6,7,13
Leonard St & Nassau Ave,"40.7239567849954,-73.949843645095825",Morning,10,3,13
Leonard St & Meeker Ave,"40.717318403855785,-73.948202133178711",Morning,7,6,13
Sterling St & Bedford Ave,"40.6627059,-73.9569115",Morning,11,1,12
Madison Ave & E 120 St,"40.80295,-73.942954",Morning,8,4,12
34 Ave & 21 St,"40.7628138,-73.9342862",Morning,8,4,12
E 128 St & Madison Ave,"40.80756,-73.939182",Morning,10,2,12
Columbia St & Lorraine St,"40.6747055,-74.0075572",Morning,5,6,11
5 St & 51 Ave,"40.7423737,-73.9566",Morning,7,4,11
Lexington Ave & E 127 St,"40.805726,-73.936322",Morning,3,8,11
49 Ave & 21 St,"40.74252,-73.948852",Morning,6,5,11
E 118 St & 1 Ave,"40.79747,-73.93504",Morning,6,5,11
Morningside Dr & Amsterdam Ave,"40.810285063060029,-73.957364559173584",Morning,6,4,10
Vernon Blvd & 31 Ave,"40.7692475,-73.9354504",Morning,7,3,10
Sullivan Pl & Bedford Ave,"40.6642406,-73.9574686",Morning,7,3,10
E 118 St & Park Ave,"40.8005385,-73.9419949",Morning,5,5,10
24 Ave & 26 St,"40.774591,-73.918544",Morning,7,3,10
Broadway & 12 St,"40.7668,-73.9347774",Morning,7,3,10
21 St & 38 Ave,"40.7576314,-73.9391224",Morning,2,8,10
Crescent St & 34 Ave,"40.76108,-73.930562",Morning,5,5,10
27 St & Hunter St,"40.7485,-73.941275",Morning,8,2,10
30 Ave & 21 St,"40.7703743,-73.9286078",Morning,5,5,10
31 Ave & 14 St,"40.7682,-73.9322662",Morning,5,4,9
21 St & 31 Dr,"40.7659,-73.930819",Morning,6,3,9
3 Ave & E 95 St,"40.784596798848916,-73.949685394763947",Morning,4,4,8
Rogers Ave & Sterling St,"40.6630619,-73.9538746",Morning,7,1,8
5 Ave & E 126 St,"40.80698,-73.941747",Morning,4,4,8
31 Ave & Steinway St,"40.761293897289086,-73.916916847229",Morning,4,4,8
34 St & 35 Ave,"40.7569332,-73.9262231",Morning,2,6,8
27 Ave & 4 St,"40.7747175,-73.9337894",Morning,4,4,8
Marcy Ave & MacDonough St,"40.680617684554512,-73.946249485015869",Morning,2,5,7
Pleasant Ave & E 120 St,"40.7974772,-73.9311847",Morning,6,1,7
23 Ave & 27 St,"40.776165,-73.9153175",Morning,4,3,7
Pacific St & Classon Ave,"40.6791944,-73.9587903",Morning,6,1,7
Dean St & Franklin Ave,"40.677592069373759,-73.955637216568",Morning,7,0,7
Newtown Ave & 23 St,"40.7713615,-73.9246145",Morning,4,2,6
Van Brunt St & Van Dyke St,,Morning,0,6,6
31 St & Northern Blvd,"40.751869514218747,-73.933492898941026",Morning,1,5,6
E 98 St & Lexington Ave,"40.787285198609517,-73.950122594833374",Morning,6,0,6
Smart Cities Conference,,Morning,0,6,6
W 129 St & Convent Ave,"40.814394437915816,-73.953247368335724",Morning,2,4,6
21 St & 36 Ave,"40.7601853,-73.9362726",Morning,4,2,6
"Industry City, Building 1 Basement",,Morning,0,5,5
37 St & 24 Ave,"40.7701477,-73.9120938",Morning,4,1,5
35 Ave & 10 St,"40.763154819103733,-73.939855098724365",Morning,2,3,5
31 St & 35 Ave,"40.758204646967577,-73.928321599960327",Morning,3,2,5
E 98 St & Park Ave,,Morning,0,5,5
39 St & 2 Ave - Citi Bike HQ at Industry City,"40.655399774478312,-74.010627865791321",Morning,2,2,4
Carroll St & Franklin Ave,"40.6679411,-73.9588",Morning,4,0,4
Pacific St & Bedford Ave,"40.6777747,-73.9529322",Morning,1,2,3
NYCBS Depot - SSP,,Morning,0,2,2
8D QC Station 01,"45.506364054011385,-73.5694634914398",Morning,1,1,2
8D Mobile 01,"45.505850638767228,-73.569109439849854",Morning,1,1,2
Montgomery St & Franklin Ave OLD,"40.6661649,-73.9593484",Morning,2,0,2
Lexington Ave & E 120 St,"40.8013066,-73.9398167",Morning,2,0,2
Convent Ave & W 129 St,"40.81413,-73.953005",Morning,2,0,2
Montgomery St & Franklin Ave,"40.666439306870814,-73.9605563879013",Morning,1,0,1
11 St & 43 Ave,"40.7519071,-73.9479119",Morning,1,0,1
32 St & 30 Ave,"40.766425527028794,-73.920629024505615",Morning,1,0,1
34 Ave & 13 St,,Morning,0,1,1
Exchange Place,,Morning,0,1,1